entity,scenario,period,line,value,provenance
starbucks,actuals,2024,capex,2777.5,companies/starbucks/actuals.csv
starbucks,actuals,2024,company_revenue,29765.9,companies/starbucks/actuals.csv
starbucks,actuals,2024,da,1592.4,companies/starbucks/actuals.csv
starbucks,actuals,2024,ebit,5408.8,companies/starbucks/actuals.csv
starbucks,actuals,2024,licensed_revenue,4505.1,companies/starbucks/actuals.csv
starbucks,actuals,2024,operating_cash_flow,6095.6,companies/starbucks/actuals.csv
starbucks,actuals,2024,other_revenue,1905.2,companies/starbucks/actuals.csv
starbucks,actuals,2024,revenue,36176.2,companies/starbucks/actuals.csv
starbucks,actuals,2025,capex,2305.5,companies/starbucks/actuals.csv
starbucks,actuals,2025,company_revenue,30744.8,companies/starbucks/actuals.csv
starbucks,actuals,2025,da,1771.5,companies/starbucks/actuals.csv
starbucks,actuals,2025,ebit,2936.6,companies/starbucks/actuals.csv
starbucks,actuals,2025,licensed_revenue,4350.4,companies/starbucks/actuals.csv
starbucks,actuals,2025,operating_cash_flow,4747.5,companies/starbucks/actuals.csv
starbucks,actuals,2025,other_revenue,2089.2,companies/starbucks/actuals.csv
starbucks,actuals,2025,revenue,37184.4,companies/starbucks/actuals.csv
starbucks,base,2026,capex,2535.2562832480003,templates/coffee_chain.yaml:lines.capex
starbucks,base,2026,cash_taxes,975.0985704800001,templates/coffee_chain.yaml:lines.cash_taxes
starbucks,base,2026,company_growth,0.05080400000000007,templates/coffee_chain.yaml:lines.company_growth
starbucks,base,2026,company_revenue,32306.7588192,templates/coffee_chain.yaml:lines.company_revenue
starbucks,base,2026,da,1833.1853125024002,templates/coffee_chain.yaml:lines.da
starbucks,base,2026,ebit,3900.3942819200006,templates/coffee_chain.yaml:lines.ebit
starbucks,base,2026,fcff,2186.8338843104,templates/coffee_chain.yaml:lines.fcff
starbucks,base,2026,incremental_nwc,36.390856384000074,templates/coffee_chain.yaml:lines.incremental_nwc
starbucks,base,2026,licensed_revenue,4524.416,templates/coffee_chain.yaml:lines.licensed_revenue
starbucks,base,2026,other_revenue,2172.768,templates/coffee_chain.yaml:lines.other_revenue
starbucks,base,2026,revenue,39003.942819200005,templates/coffee_chain.yaml:lines.revenue
starbucks,base,2027,capex,2618.9266602437924,templates/coffee_chain.yaml:lines.capex
starbucks,base,2027,cash_taxes,1129.7330691247732,templates/coffee_chain.yaml:lines.cash_taxes
starbucks,base,2027,company_growth,0.056006,templates/coffee_chain.yaml:lines.company_growth
starbucks,base,2027,company_revenue,34116.131153628114,templates/coffee_chain.yaml:lines.company_revenue
starbucks,base,2027,da,1930.8165181405213,templates/coffee_chain.yaml:lines.da
starbucks,base,2027,ebit,4518.932276499093,templates/coffee_chain.yaml:lines.ebit
starbucks,base,2027,fcff,2659.543871382486,templates/coffee_chain.yaml:lines.fcff
starbucks,base,2027,incremental_nwc,41.54519388856221,templates/coffee_chain.yaml:lines.incremental_nwc
starbucks,base,2027,licensed_revenue,4705.39264,templates/coffee_chain.yaml:lines.licensed_revenue
starbucks,base,2027,other_revenue,2259.67872,templates/coffee_chain.yaml:lines.other_revenue
starbucks,base,2027,revenue,41081.202513628115,templates/coffee_chain.yaml:lines.revenue
starbucks,base,2028,capex,2715.4990952299613,templates/coffee_chain.yaml:lines.capex
starbucks,base,2028,cash_taxes,1303.4395657103814,templates/coffee_chain.yaml:lines.cash_taxes
starbucks,base,2028,company_growth,0.06120799999999993,templates/coffee_chain.yaml:lines.company_growth
starbucks,base,2028,company_revenue,36204.31130927939,templates/coffee_chain.yaml:lines.company_revenue
starbucks,base,2028,da,2042.0553196129308,templates/coffee_chain.yaml:lines.da
starbucks,base,2028,ebit,5213.758262841526,templates/coffee_chain.yaml:lines.ebit
starbucks,base,2028,fcff,3189.539261313089,templates/coffee_chain.yaml:lines.fcff
starbucks,base,2028,incremental_nwc,47.33566020102531,templates/coffee_chain.yaml:lines.incremental_nwc
starbucks,base,2028,licensed_revenue,4893.6083456,templates/coffee_chain.yaml:lines.licensed_revenue
starbucks,base,2028,other_revenue,2350.0658688,templates/coffee_chain.yaml:lines.other_revenue
starbucks,base,2028,revenue,43447.98552367938,templates/coffee_chain.yaml:lines.revenue
starbucks,base,2029,capex,2826.201224386158,templates/coffee_chain.yaml:lines.capex
starbucks,base,2029,cash_taxes,1499.6169762049003,templates/coffee_chain.yaml:lines.cash_taxes
starbucks,base,2029,company_growth,0.06640999999999986,templates/coffee_chain.yaml:lines.company_growth
starbucks,base,2029,company_revenue,38608.63962332862,templates/coffee_chain.yaml:lines.company_revenue
starbucks,base,2029,da,2168.6768578963174,templates/coffee_chain.yaml:lines.da
starbucks,base,2029,ebit,5998.467904819601,templates/coffee_chain.yaml:lines.ebit
starbucks,base,2029,fcff,3787.445056472355,templates/coffee_chain.yaml:lines.fcff
starbucks,base,2029,incremental_nwc,53.881505652504856,templates/coffee_chain.yaml:lines.incremental_nwc
starbucks,base,2029,licensed_revenue,5089.352679424001,templates/coffee_chain.yaml:lines.licensed_revenue
starbucks,base,2029,other_revenue,2444.068503552,templates/coffee_chain.yaml:lines.other_revenue
starbucks,base,2029,revenue,46142.060806304624,templates/coffee_chain.yaml:lines.revenue
starbucks,base,2030,capex,2952.4943732597685,templates/coffee_chain.yaml:lines.capex
starbucks,base,2030,cash_taxes,1722.2883844015319,templates/coffee_chain.yaml:lines.cash_taxes
starbucks,base,2030,company_growth,0.07161200000000001,templates/coffee_chain.yaml:lines.company_growth
starbucks,base,2030,company_revenue,41373.48152403443,templates/coffee_chain.yaml:lines.company_revenue
starbucks,base,2030,da,2312.7872590534853,templates/coffee_chain.yaml:lines.da
starbucks,base,2030,ebit,6889.153537606127,templates/coffee_chain.yaml:lines.ebit
starbucks,base,2030,fcff,4465.8344640378145,templates/coffee_chain.yaml:lines.fcff
starbucks,base,2030,incremental_nwc,61.32357496049706,templates/coffee_chain.yaml:lines.incremental_nwc
starbucks,base,2030,licensed_revenue,5292.926786600961,templates/coffee_chain.yaml:lines.licensed_revenue
starbucks,base,2030,other_revenue,2541.8312436940805,templates/coffee_chain.yaml:lines.other_revenue
starbucks,base,2030,revenue,49208.23955432948,templates/coffee_chain.yaml:lines.revenue
starbucks,bear,2026,capex,2514.4648048,templates/coffee_chain.yaml:lines.capex
starbucks,bear,2026,cash_taxes,773.6814784,templates/coffee_chain.yaml:lines.cash_taxes
starbucks,bear,2026,company_growth,0.04039999999999999,templates/coffee_chain.yaml:lines.company_growth
starbucks,bear,2026,company_revenue,31986.889919999998,templates/coffee_chain.yaml:lines.company_revenue
starbucks,bear,2026,da,1818.1514742399997,templates/coffee_chain.yaml:lines.da
starbucks,bear,2026,ebit,3094.7259136,templates/coffee_chain.yaml:lines.ebit
starbucks,bear,2026,fcff,1594.73762624,templates/coffee_chain.yaml:lines.fcff
starbucks,bear,2026,incremental_nwc,29.993478399999876,templates/coffee_chain.yaml:lines.incremental_nwc
starbucks,bear,2026,licensed_revenue,4524.416,templates/coffee_chain.yaml:lines.licensed_revenue
starbucks,bear,2026,other_revenue,2172.768,templates/coffee_chain.yaml:lines.other_revenue
starbucks,bear,2026,revenue,38684.073919999995,templates/coffee_chain.yaml:lines.revenue
starbucks,bear,2027,capex,2565.56976658896,templates/coffee_chain.yaml:lines.capex
starbucks,bear,2027,cash_taxes,855.1899221963201,templates/coffee_chain.yaml:lines.cash_taxes
starbucks,bear,2027,company_growth,0.04039999999999999,templates/coffee_chain.yaml:lines.company_growth
starbucks,bear,2027,company_revenue,33279.160272768,templates/coffee_chain.yaml:lines.company_revenue
starbucks,bear,2027,da,1891.4788867400962,templates/coffee_chain.yaml:lines.da
starbucks,bear,2027,ebit,3420.7596887852806,templates/coffee_chain.yaml:lines.ebit
starbucks,bear,2027,fcff,1860.2757324847364,templates/coffee_chain.yaml:lines.fcff
starbucks,bear,2027,incremental_nwc,31.203154255360133,templates/coffee_chain.yaml:lines.incremental_nwc
starbucks,bear,2027,licensed_revenue,4705.39264,templates/coffee_chain.yaml:lines.licensed_revenue
starbucks,bear,2027,other_revenue,2259.67872,templates/coffee_chain.yaml:lines.other_revenue
starbucks,bear,2027,revenue,40244.231632768,templates/coffee_chain.yaml:lines.revenue
starbucks,bear,2028,capex,2616.707035136739,templates/coffee_chain.yaml:lines.capex
starbucks,bear,2028,cash_taxes,942.0145326492259,templates/coffee_chain.yaml:lines.cash_taxes
starbucks,bear,2028,company_growth,0.04039999999999999,templates/coffee_chain.yaml:lines.company_growth
starbucks,bear,2028,company_revenue,34623.638347787826,templates/coffee_chain.yaml:lines.company_revenue
starbucks,bear,2028,da,1967.7636904228275,templates/coffee_chain.yaml:lines.da
starbucks,bear,2028,ebit,3768.0581305969035,templates/coffee_chain.yaml:lines.ebit
starbucks,bear,2028,fcff,2144.63863464537,templates/coffee_chain.yaml:lines.fcff
starbucks,bear,2028,incremental_nwc,32.46161858839638,templates/coffee_chain.yaml:lines.incremental_nwc
starbucks,bear,2028,licensed_revenue,4893.6083456,templates/coffee_chain.yaml:lines.licensed_revenue
starbucks,bear,2028,other_revenue,2350.0658688,templates/coffee_chain.yaml:lines.other_revenue
starbucks,bear,2028,revenue,41867.31256218782,templates/coffee_chain.yaml:lines.revenue
starbucks,bear,2029,capex,2667.7960893508857,templates/coffee_chain.yaml:lines.capex
starbucks,bear,2029,cash_taxes,1034.4515448503435,templates/coffee_chain.yaml:lines.cash_taxes
starbucks,bear,2029,company_growth,0.04039999999999999,templates/coffee_chain.yaml:lines.company_growth
starbucks,bear,2029,company_revenue,36022.433337038456,templates/coffee_chain.yaml:lines.company_revenue
starbucks,bear,2029,da,2047.1251624406796,templates/coffee_chain.yaml:lines.da
starbucks,bear,2029,ebit,4137.806179401374,templates/coffee_chain.yaml:lines.ebit
starbucks,bear,2029,fcff,2448.9128684842913,templates/coffee_chain.yaml:lines.fcff
starbucks,bear,2029,incremental_nwc,33.770839156532745,templates/coffee_chain.yaml:lines.incremental_nwc
starbucks,bear,2029,licensed_revenue,5089.352679424001,templates/coffee_chain.yaml:lines.licensed_revenue
starbucks,bear,2029,other_revenue,2444.068503552,templates/coffee_chain.yaml:lines.other_revenue
starbucks,bear,2029,revenue,43555.85452001446,templates/coffee_chain.yaml:lines.revenue
starbucks,bear,2030,capex,2718.7498604489915,templates/coffee_chain.yaml:lines.capex
starbucks,bear,2030,cash_taxes,1132.8124418537466,templates/coffee_chain.yaml:lines.cash_taxes
starbucks,bear,2030,company_growth,0.04039999999999999,templates/coffee_chain.yaml:lines.company_growth
starbucks,bear,2030,company_revenue,37477.73964385482,templates/coffee_chain.yaml:lines.company_revenue
starbucks,bear,2030,da,2129.6873906850433,templates/coffee_chain.yaml:lines.da
starbucks,bear,2030,ebit,4531.249767414986,templates/coffee_chain.yaml:lines.ebit
starbucks,bear,2030,fcff,2774.241992714584,templates/coffee_chain.yaml:lines.fcff
starbucks,bear,2030,incremental_nwc,35.13286308270806,templates/coffee_chain.yaml:lines.incremental_nwc
starbucks,bear,2030,licensed_revenue,5292.926786600961,templates/coffee_chain.yaml:lines.licensed_revenue
starbucks,bear,2030,other_revenue,2541.8312436940805,templates/coffee_chain.yaml:lines.other_revenue
starbucks,bear,2030,revenue,45312.49767414986,templates/coffee_chain.yaml:lines.revenue
starbucks,bull,2026,capex,2576.8392401439996,templates/coffee_chain.yaml:lines.capex
starbucks,bull,2026,cash_taxes,1189.310418528,templates/coffee_chain.yaml:lines.cash_taxes
starbucks,bull,2026,company_growth,0.07161200000000001,templates/coffee_chain.yaml:lines.company_growth
starbucks,bull,2026,company_revenue,32946.4966176,templates/coffee_chain.yaml:lines.company_revenue
starbucks,bull,2026,da,1863.2529890271999,templates/coffee_chain.yaml:lines.da
starbucks,bull,2026,ebit,4757.241674112,templates/coffee_chain.yaml:lines.ebit
starbucks,bull,2026,fcff,2805.1593921152003,templates/coffee_chain.yaml:lines.fcff
starbucks,bull,2026,incremental_nwc,49.18561235199988,templates/coffee_chain.yaml:lines.incremental_nwc
starbucks,bull,2026,licensed_revenue,4524.416,templates/coffee_chain.yaml:lines.licensed_revenue
starbucks,bull,2026,other_revenue,2172.768,templates/coffee_chain.yaml:lines.other_revenue
starbucks,bull,2026,revenue,39643.680617599995,templates/coffee_chain.yaml:lines.revenue
starbucks,bull,2027,capex,2700.234928606474,templates/coffee_chain.yaml:lines.capex
starbucks,bull,2027,cash_taxes,1376.5903557601634,templates/coffee_chain.yaml:lines.cash_taxes
starbucks,bull,2027,company_growth,0.07421300000000008,templates/coffee_chain.yaml:lines.company_growth
starbucks,bull,2027,company_revenue,35391.554971081954,templates/coffee_chain.yaml:lines.company_revenue
starbucks,bull,2027,da,1990.7614375608516,templates/coffee_chain.yaml:lines.da
starbucks,bull,2027,ebit,5506.361423040654,templates/coffee_chain.yaml:lines.ebit
starbucks,bull,2027,fcff,3366.038661965229,templates/coffee_chain.yaml:lines.fcff
starbucks,bull,2027,incremental_nwc,54.258914269639064,templates/coffee_chain.yaml:lines.incremental_nwc
starbucks,bull,2027,licensed_revenue,4705.39264,templates/coffee_chain.yaml:lines.licensed_revenue
starbucks,bull,2027,other_revenue,2259.67872,templates/coffee_chain.yaml:lines.other_revenue
starbucks,bull,2027,revenue,42356.62633108195,templates/coffee_chain.yaml:lines.revenue
starbucks,bull,2028,capex,2834.6122555644147,templates/coffee_chain.yaml:lines.capex
starbucks,bull,2028,cash_taxes,1587.3828631160725,templates/coffee_chain.yaml:lines.cash_taxes
starbucks,bull,2028,company_growth,0.07681399999999994,templates/coffee_chain.yaml:lines.company_growth
starbucks,bull,2028,company_revenue,38110.12187463064,templates/coffee_chain.yaml:lines.company_revenue
starbucks,bull,2028,da,2131.6284161844396,templates/coffee_chain.yaml:lines.da
starbucks,bull,2028,ebit,6349.53145246429,templates/coffee_chain.yaml:lines.ebit
starbucks,bull,2028,fcff,3999.221354809269,templates/coffee_chain.yaml:lines.fcff
starbucks,bull,2028,incremental_nwc,59.94339515897373,templates/coffee_chain.yaml:lines.incremental_nwc
starbucks,bull,2028,licensed_revenue,4893.6083456,templates/coffee_chain.yaml:lines.licensed_revenue
starbucks,bull,2028,other_revenue,2350.0658688,templates/coffee_chain.yaml:lines.other_revenue
starbucks,bull,2028,revenue,45353.796089030635,templates/coffee_chain.yaml:lines.revenue
starbucks,bull,2029,capex,2981.041076159677,templates/coffee_chain.yaml:lines.capex
starbucks,bull,2029,cash_taxes,1825.1271894855165,templates/coffee_chain.yaml:lines.cash_taxes
starbucks,bull,2029,company_growth,0.07941500000000024,templates/coffee_chain.yaml:lines.company_growth
starbucks,bull,2029,company_revenue,41136.63720330444,templates/coffee_chain.yaml:lines.company_revenue
starbucks,bull,2029,da,2287.492744155181,templates/coffee_chain.yaml:lines.da
starbucks,bull,2029,ebit,7300.508757942066,templates/coffee_chain.yaml:lines.ebit
starbucks,bull,2029,fcff,4715.507990507058,templates/coffee_chain.yaml:lines.fcff
starbucks,bull,2029,incremental_nwc,66.32524594499613,templates/coffee_chain.yaml:lines.incremental_nwc
starbucks,bull,2029,licensed_revenue,5089.352679424001,templates/coffee_chain.yaml:lines.licensed_revenue
starbucks,bull,2029,other_revenue,2444.068503552,templates/coffee_chain.yaml:lines.other_revenue
starbucks,bull,2029,revenue,48670.05838628044,templates/coffee_chain.yaml:lines.revenue
starbucks,bull,2030,capex,3140.715460227942,templates/coffee_chain.yaml:lines.capex
starbucks,bull,2030,cash_taxes,2093.8103068186283,templates/coffee_chain.yaml:lines.cash_taxes
starbucks,bull,2030,company_growth,0.08201600000000009,templates/coffee_chain.yaml:lines.company_growth
starbucks,bull,2030,company_revenue,44510.49964017066,templates/coffee_chain.yaml:lines.company_revenue
starbucks,bull,2030,da,2460.227110511888,templates/coffee_chain.yaml:lines.da
starbucks,bull,2030,ebit,8375.241227274513,templates/coffee_chain.yaml:lines.ebit
starbucks,bull,2030,fcff,5527.438585056126,templates/coffee_chain.yaml:lines.fcff
starbucks,bull,2030,incremental_nwc,73.50398568370525,templates/coffee_chain.yaml:lines.incremental_nwc
starbucks,bull,2030,licensed_revenue,5292.926786600961,templates/coffee_chain.yaml:lines.licensed_revenue
starbucks,bull,2030,other_revenue,2541.8312436940805,templates/coffee_chain.yaml:lines.other_revenue
starbucks,bull,2030,revenue,52345.257670465704,templates/coffee_chain.yaml:lines.revenue
