period,line,value,unit,source,table,row,classification
2024,company_revenue,29765.9,USD_millions,https://investor.starbucks.com/news/financial-releases/news-details/2025/Starbucks-Reports-Q4-and-Full-Fiscal-Year-2025-Results/,Consolidated statements of earnings,Company-operated stores,reported
2025,company_revenue,30744.8,USD_millions,https://investor.starbucks.com/news/financial-releases/news-details/2025/Starbucks-Reports-Q4-and-Full-Fiscal-Year-2025-Results/,Consolidated statements of earnings,Company-operated stores,reported
2024,licensed_revenue,4505.1,USD_millions,https://investor.starbucks.com/news/financial-releases/news-details/2025/Starbucks-Reports-Q4-and-Full-Fiscal-Year-2025-Results/,Consolidated statements of earnings,Licensed stores,reported
2025,licensed_revenue,4350.4,USD_millions,https://investor.starbucks.com/news/financial-releases/news-details/2025/Starbucks-Reports-Q4-and-Full-Fiscal-Year-2025-Results/,Consolidated statements of earnings,Licensed stores,reported
2024,other_revenue,1905.2,USD_millions,https://investor.starbucks.com/news/financial-releases/news-details/2025/Starbucks-Reports-Q4-and-Full-Fiscal-Year-2025-Results/,Consolidated statements of earnings,Other,reported
2025,other_revenue,2089.2,USD_millions,https://investor.starbucks.com/news/financial-releases/news-details/2025/Starbucks-Reports-Q4-and-Full-Fiscal-Year-2025-Results/,Consolidated statements of earnings,Other,reported
2024,revenue,36176.2,USD_millions,https://investor.starbucks.com/news/financial-releases/news-details/2025/Starbucks-Reports-Q4-and-Full-Fiscal-Year-2025-Results/,Consolidated statements of earnings,Total net revenues,reported
2025,revenue,37184.4,USD_millions,https://investor.starbucks.com/news/financial-releases/news-details/2025/Starbucks-Reports-Q4-and-Full-Fiscal-Year-2025-Results/,Consolidated statements of earnings,Total net revenues,reported
2024,ebit,5408.8,USD_millions,https://investor.starbucks.com/news/financial-releases/news-details/2025/Starbucks-Reports-Q4-and-Full-Fiscal-Year-2025-Results/,Consolidated statements of earnings,Operating income,reported
2025,ebit,2936.6,USD_millions,https://investor.starbucks.com/news/financial-releases/news-details/2025/Starbucks-Reports-Q4-and-Full-Fiscal-Year-2025-Results/,Consolidated statements of earnings,Operating income,reported
2024,da,1592.4,USD_millions,https://investor.starbucks.com/news/financial-releases/news-details/2025/Starbucks-Reports-Q4-and-Full-Fiscal-Year-2025-Results/,Consolidated statements of cash flows,Depreciation and amortization,reported
2025,da,1771.5,USD_millions,https://investor.starbucks.com/news/financial-releases/news-details/2025/Starbucks-Reports-Q4-and-Full-Fiscal-Year-2025-Results/,Consolidated statements of cash flows,Depreciation and amortization,reported
2024,operating_cash_flow,6095.6,USD_millions,https://investor.starbucks.com/news/financial-releases/news-details/2025/Starbucks-Reports-Q4-and-Full-Fiscal-Year-2025-Results/,Consolidated statements of cash flows,Net cash provided by operating activities,reported
2025,operating_cash_flow,4747.5,USD_millions,https://investor.starbucks.com/news/financial-releases/news-details/2025/Starbucks-Reports-Q4-and-Full-Fiscal-Year-2025-Results/,Consolidated statements of cash flows,Net cash provided by operating activities,reported
2024,capex,2777.5,USD_millions,https://investor.starbucks.com/news/financial-releases/news-details/2025/Starbucks-Reports-Q4-and-Full-Fiscal-Year-2025-Results/,Consolidated statements of cash flows,"Additions to property, plant and equipment; outflow shown positive",reported
2025,capex,2305.5,USD_millions,https://investor.starbucks.com/news/financial-releases/news-details/2025/Starbucks-Reports-Q4-and-Full-Fiscal-Year-2025-Results/,Consolidated statements of cash flows,"Additions to property, plant and equipment; outflow shown positive",reported
2024,cash,3286.2,USD_millions,https://investor.starbucks.com/news/financial-releases/news-details/2025/Starbucks-Reports-Q4-and-Full-Fiscal-Year-2025-Results/,Consolidated balance sheets,Cash and cash equivalents,reported
2025,cash,3219.8,USD_millions,https://investor.starbucks.com/news/financial-releases/news-details/2025/Starbucks-Reports-Q4-and-Full-Fiscal-Year-2025-Results/,Consolidated balance sheets,Cash and cash equivalents,reported
2024,short_term_investments,257.0,USD_millions,https://investor.starbucks.com/news/financial-releases/news-details/2025/Starbucks-Reports-Q4-and-Full-Fiscal-Year-2025-Results/,Consolidated balance sheets,Short-term investments,reported
2025,short_term_investments,247.2,USD_millions,https://investor.starbucks.com/news/financial-releases/news-details/2025/Starbucks-Reports-Q4-and-Full-Fiscal-Year-2025-Results/,Consolidated balance sheets,Short-term investments,reported
2024,current_debt,1248.9,USD_millions,https://investor.starbucks.com/news/financial-releases/news-details/2025/Starbucks-Reports-Q4-and-Full-Fiscal-Year-2025-Results/,Consolidated balance sheets,Current portion of long-term debt,reported
2025,current_debt,1498.9,USD_millions,https://investor.starbucks.com/news/financial-releases/news-details/2025/Starbucks-Reports-Q4-and-Full-Fiscal-Year-2025-Results/,Consolidated balance sheets,Current portion of long-term debt,reported
2024,long_term_debt,14319.5,USD_millions,https://investor.starbucks.com/news/financial-releases/news-details/2025/Starbucks-Reports-Q4-and-Full-Fiscal-Year-2025-Results/,Consolidated balance sheets,Long-term debt,reported
2025,long_term_debt,14575.9,USD_millions,https://investor.starbucks.com/news/financial-releases/news-details/2025/Starbucks-Reports-Q4-and-Full-Fiscal-Year-2025-Results/,Consolidated balance sheets,Long-term debt,reported
2024,noncontrolling_interests,7.3,USD_millions,https://investor.starbucks.com/news/financial-releases/news-details/2025/Starbucks-Reports-Q4-and-Full-Fiscal-Year-2025-Results/,Consolidated balance sheets,Noncontrolling interests,reported
2025,noncontrolling_interests,7.4,USD_millions,https://investor.starbucks.com/news/financial-releases/news-details/2025/Starbucks-Reports-Q4-and-Full-Fiscal-Year-2025-Results/,Consolidated balance sheets,Noncontrolling interests,reported
2024,shares_outstanding,1133.5,million_shares,https://investor.starbucks.com/news/financial-releases/news-details/2025/Starbucks-Reports-Q4-and-Full-Fiscal-Year-2025-Results/,Consolidated balance sheets,Common stock; issued and outstanding shares,reported
2025,shares_outstanding,1136.9,million_shares,https://investor.starbucks.com/news/financial-releases/news-details/2025/Starbucks-Reports-Q4-and-Full-Fiscal-Year-2025-Results/,Consolidated balance sheets,Common stock; issued and outstanding shares,reported
